"post_id"	"conversation_id"	"disease_id"	"author"	"num_stars"	"timestamp"	"in_reply_to"	"is_primary_question"	"num_replies"
"HIF2016_DIS00_CONV00_POST000"	"HIF2016_DIS00_CONV00"	"HIF2016_DIS00"	"seattlemom2plus"	"1"	"1309816800000"	""	"true"	"30"
"HIF2016_DIS00_CONV00_POST001"	"HIF2016_DIS00_CONV00"	"HIF2016_DIS00"	"ChitChatNine"	"5"	"1309816800000"	""	"false"	"0"
"HIF2016_DIS00_CONV00_POST002"	"HIF2016_DIS00_CONV00"	"HIF2016_DIS00"	"FurballsMom"	"3"	"1309903200000"	""	"false"	"0"
"HIF2016_DIS00_CONV00_POST003"	"HIF2016_DIS00_CONV00"	"HIF2016_DIS00"	"seattlemom2plus"	"1"	"1309989600000"	""	"false"	"0"
"HIF2016_DIS00_CONV00_POST004"	"HIF2016_DIS00_CONV00"	"HIF2016_DIS00"	"FurballsMom"	"3"	"1309989600000"	""	"false"	"0"
"HIF2016_DIS00_CONV00_POST005"	"HIF2016_DIS00_CONV00"	"HIF2016_DIS00"	"seattlemom2plus"	"1"	"1309989600000"	""	"false"	"0"
"HIF2016_DIS00_CONV00_POST006"	"HIF2016_DIS00_CONV00"	"HIF2016_DIS00"	"FurballsMom"	"3"	"1310076000000"	""	"false"	"0"
"HIF2016_DIS00_CONV00_POST007"	"HIF2016_DIS00_CONV00"	"HIF2016_DIS00"	"seattlemom2plus"	"1"	"1310421600000"	""	"false"	"0"
"HIF2016_DIS00_CONV00_POST008"	"HIF2016_DIS00_CONV00"	"HIF2016_DIS00"	"FergalEmmanuel"	"1"	"1310940000000"	"1666434_tn?1310044153 Does anyone have an allergy to coffee?"	"false"	"0"
"HIF2016_DIS00_CONV00_POST009"	"HIF2016_DIS00_CONV00"	"HIF2016_DIS00"	"FurballsMom"	"3"	"1310940000000"	"FergalEmmanuel"	"false"	"0"
"HIF2016_DIS00_CONV00_POST010"	"HIF2016_DIS00_CONV00"	"HIF2016_DIS00"	"seattlemom2plus"	"1"	"1311112800000"	""	"false"	"0"
"HIF2016_DIS00_CONV00_POST011"	"HIF2016_DIS00_CONV00"	"HIF2016_DIS00"	"betbri"	"0"	"1311372000000"	"seatlemom2plus"	"false"	"0"
"HIF2016_DIS00_CONV00_POST012"	"HIF2016_DIS00_CONV00"	"HIF2016_DIS00"	"betbri"	"0"	"1311372000000"	"seattlemom2plus"	"false"	"0"
"HIF2016_DIS00_CONV00_POST013"	"HIF2016_DIS00_CONV00"	"HIF2016_DIS00"	"FurballsMom"	"3"	"1311458400000"	"betbri"	"false"	"0"
"HIF2016_DIS00_CONV00_POST014"	"HIF2016_DIS00_CONV00"	"HIF2016_DIS00"	"seattlemom2plus"	"1"	"1311544800000"	""	"false"	"0"
"HIF2016_DIS00_CONV00_POST015"	"HIF2016_DIS00_CONV00"	"HIF2016_DIS00"	"betbri"	"0"	"1311631200000"	"seattlemom2plus,furballsmom"	"false"	"0"
"HIF2016_DIS00_CONV00_POST016"	"HIF2016_DIS00_CONV00"	"HIF2016_DIS00"	"seattlemom2plus"	"1"	"1311804000000"	""	"false"	"0"
"HIF2016_DIS00_CONV00_POST017"	"HIF2016_DIS00_CONV00"	"HIF2016_DIS00"	"FurballsMom"	"3"	"1311890400000"	""	"false"	"0"
"HIF2016_DIS00_CONV00_POST018"	"HIF2016_DIS00_CONV00"	"HIF2016_DIS00"	"betbri"	"0"	"1311890400000"	"furballsmom"	"false"	"0"
"HIF2016_DIS00_CONV00_POST019"	"HIF2016_DIS00_CONV00"	"HIF2016_DIS00"	"FurballsMom"	"3"	"1311976800000"	"betbri"	"false"	"0"
"HIF2016_DIS00_CONV00_POST020"	"HIF2016_DIS00_CONV00"	"HIF2016_DIS00"	"seattlemom2plus"	"1"	"1312236000000"	""	"false"	"0"
"HIF2016_DIS00_CONV00_POST021"	"HIF2016_DIS00_CONV00"	"HIF2016_DIS00"	"angieuncw"	"0"	"1346709600000"	"seattlemom2plus"	"false"	"0"
"HIF2016_DIS00_CONV00_POST022"	"HIF2016_DIS00_CONV00"	"HIF2016_DIS00"	"janeparker2013"	"0"	"1356994800000"	"seattlemom2plus"	"false"	"0"
"HIF2016_DIS00_CONV00_POST023"	"HIF2016_DIS00_CONV00"	"HIF2016_DIS00"	"Eimhir"	"0"	"1360450800000"	"janeparker2013"	"false"	"0"
"HIF2016_DIS00_CONV00_POST024"	"HIF2016_DIS00_CONV00"	"HIF2016_DIS00"	"Nora147"	"0"	"1363388400000"	"angieuncw"	"false"	"0"
"HIF2016_DIS00_CONV00_POST025"	"HIF2016_DIS00_CONV00"	"HIF2016_DIS00"	"ChitChatNine"	"5"	"1363820400000"	""	"false"	"0"
"HIF2016_DIS00_CONV00_POST026"	"HIF2016_DIS00_CONV00"	"HIF2016_DIS00"	"Pantherone"	"0"	"1373666400000"	"FurballsMom"	"false"	"0"
"HIF2016_DIS00_CONV00_POST027"	"HIF2016_DIS00_CONV00"	"HIF2016_DIS00"	"Krissandra"	"0"	"1373752800000"	"Eimhir"	"false"	"0"
"HIF2016_DIS00_CONV00_POST028"	"HIF2016_DIS00_CONV00"	"HIF2016_DIS00"	"coffeesneezes"	"0"	"1393714800000"	"seattlemom2plus"	"false"	"0"
"HIF2016_DIS00_CONV00_POST029"	"HIF2016_DIS00_CONV00"	"HIF2016_DIS00"	"pixelpixie777"	"0"	"1396562400000"	"seattlemom2plus"	"false"	"0"
"HIF2016_DIS00_CONV00_POST030"	"HIF2016_DIS00_CONV00"	"HIF2016_DIS00"	"Success2018"	"0"	"1440194400000"	"seattlemom2plus"	"false"	"0"
"HIF2016_DIS00_CONV01_POST031"	"HIF2016_DIS00_CONV01"	"HIF2016_DIS00"	"soflasof"	"0"	"1273096800000"	""	"true"	"13"
"HIF2016_DIS00_CONV01_POST032"	"HIF2016_DIS00_CONV01"	"HIF2016_DIS00"	"enzymelover"	"1"	"1273269600000"	"soflasof"	"false"	"0"
"HIF2016_DIS00_CONV01_POST033"	"HIF2016_DIS00_CONV01"	"HIF2016_DIS00"	"ChitChatNine"	"5"	"1274047200000"	""	"false"	"0"
"HIF2016_DIS00_CONV01_POST034"	"HIF2016_DIS00_CONV01"	"HIF2016_DIS00"	"Philippe58"	"0"	"1274306400000"	"soflasof"	"false"	"0"
"HIF2016_DIS00_CONV01_POST035"	"HIF2016_DIS00_CONV01"	"HIF2016_DIS00"	"MBA931"	"0"	"1278367200000"	""	"false"	"0"
"HIF2016_DIS00_CONV01_POST036"	"HIF2016_DIS00_CONV01"	"HIF2016_DIS00"	"Zascha"	"0"	"1285192800000"	""	"false"	"0"
"HIF2016_DIS00_CONV01_POST037"	"HIF2016_DIS00_CONV01"	"HIF2016_DIS00"	"FurballsMom"	"3"	"1285279200000"	""	"false"	"0"
"HIF2016_DIS00_CONV01_POST038"	"HIF2016_DIS00_CONV01"	"HIF2016_DIS00"	"masnow"	"0"	"1337119200000"	"enzymelover"	"false"	"0"
"HIF2016_DIS00_CONV01_POST039"	"HIF2016_DIS00_CONV01"	"HIF2016_DIS00"	"FurballsMom"	"3"	"1337205600000"	""	"false"	"0"
"HIF2016_DIS00_CONV01_POST040"	"HIF2016_DIS00_CONV01"	"HIF2016_DIS00"	"Deuce04"	"0"	"1420412400000"	"soflasof"	"false"	"0"
"HIF2016_DIS00_CONV01_POST041"	"HIF2016_DIS00_CONV01"	"HIF2016_DIS00"	"Patequack"	"0"	"1421881200000"	"sofsasof"	"false"	"0"
"HIF2016_DIS00_CONV01_POST042"	"HIF2016_DIS00_CONV01"	"HIF2016_DIS00"	"shoh"	"0"	"1429740000000"	"Deuce04"	"false"	"0"
"HIF2016_DIS00_CONV01_POST043"	"HIF2016_DIS00_CONV01"	"HIF2016_DIS00"	"Lasserman"	"0"	"1434232800000"	"shoh"	"false"	"0"
"HIF2016_DIS00_CONV01_POST044"	"HIF2016_DIS00_CONV01"	"HIF2016_DIS00"	"Deb0705"	"0"	"1442440800000"	""	"false"	"0"
"HIF2016_DIS00_CONV02_POST045"	"HIF2016_DIS00_CONV02"	"HIF2016_DIS00"	"Smiley2000"	"0"	"1425423600000"	""	"true"	"9"
"HIF2016_DIS00_CONV02_POST046"	"HIF2016_DIS00_CONV02"	"HIF2016_DIS00"	"SassyLassie"	"3"	"1426460400000"	""	"false"	"0"
"HIF2016_DIS00_CONV02_POST047"	"HIF2016_DIS00_CONV02"	"HIF2016_DIS00"	"masterblogger"	"3"	"1425510000000"	"Smiley20002000"	"false"	"0"
"HIF2016_DIS00_CONV02_POST048"	"HIF2016_DIS00_CONV02"	"HIF2016_DIS00"	"Smiley2000"	"0"	"1425510000000"	"masterblogger"	"false"	"0"
"HIF2016_DIS00_CONV02_POST049"	"HIF2016_DIS00_CONV02"	"HIF2016_DIS00"	"Smiley2000"	"0"	"1425769200000"	"masterblogger"	"false"	"0"
"HIF2016_DIS00_CONV02_POST050"	"HIF2016_DIS00_CONV02"	"HIF2016_DIS00"	"Smiley2000"	"0"	"1426114800000"	"masterblogger"	"false"	"0"
"HIF2016_DIS00_CONV02_POST051"	"HIF2016_DIS00_CONV02"	"HIF2016_DIS00"	"SassyLassie"	"3"	"1426460400000"	""	"false"	"0"
"HIF2016_DIS00_CONV02_POST052"	"HIF2016_DIS00_CONV02"	"HIF2016_DIS00"	"Smiley2000"	"0"	"1427065200000"	"SassyLassie"	"false"	"0"
"HIF2016_DIS00_CONV02_POST053"	"HIF2016_DIS00_CONV02"	"HIF2016_DIS00"	"Smiley2000"	"0"	"1430172000000"	"SassyLassie"	"false"	"0"
"HIF2016_DIS00_CONV02_POST054"	"HIF2016_DIS00_CONV02"	"HIF2016_DIS00"	"djtsurfer"	"0"	"1430863200000"	"Smiley2000"	"false"	"0"
"HIF2016_DIS00_CONV02_POST055"	"HIF2016_DIS00_CONV02"	"HIF2016_DIS00"	"masterblogger"	"3"	"1431640800000"	"Smiley2000"	"false"	"0"
"HIF2016_DIS00_CONV03_POST056"	"HIF2016_DIS00_CONV03"	"HIF2016_DIS00"	"lpjay"	"0"	"1398290400000"	""	"true"	"12"
"HIF2016_DIS00_CONV03_POST057"	"HIF2016_DIS00_CONV03"	"HIF2016_DIS00"	"evewisewoman"	"4"	"1398290400000"	""	"false"	"0"
"HIF2016_DIS00_CONV03_POST058"	"HIF2016_DIS00_CONV03"	"HIF2016_DIS00"	"lpjay"	"0"	"1398376800000"	"evewisewoman"	"false"	"0"
"HIF2016_DIS00_CONV03_POST059"	"HIF2016_DIS00_CONV03"	"HIF2016_DIS00"	"evewisewoman"	"4"	"1398463200000"	"lpjay"	"false"	"0"
"HIF2016_DIS00_CONV03_POST060"	"HIF2016_DIS00_CONV03"	"HIF2016_DIS00"	"lpjay"	"0"	"1398549600000"	"evewisewoman"	"false"	"0"
"HIF2016_DIS00_CONV03_POST061"	"HIF2016_DIS00_CONV03"	"HIF2016_DIS00"	"evewisewoman"	"4"	"1398636000000"	"lpjay"	"false"	"0"
"HIF2016_DIS00_CONV03_POST062"	"HIF2016_DIS00_CONV03"	"HIF2016_DIS00"	"evewisewoman"	"4"	"1398636000000"	"lpjay"	"false"	"0"
"HIF2016_DIS00_CONV03_POST063"	"HIF2016_DIS00_CONV03"	"HIF2016_DIS00"	"evewisewoman"	"4"	"1398636000000"	"lpjay"	"false"	"0"
"HIF2016_DIS00_CONV03_POST064"	"HIF2016_DIS00_CONV03"	"HIF2016_DIS00"	"lpjay"	"0"	"1398895200000"	"evewisewoman"	"false"	"0"
"HIF2016_DIS00_CONV03_POST065"	"HIF2016_DIS00_CONV03"	"HIF2016_DIS00"	"dpinker1"	"0"	"1403215200000"	""	"false"	"0"
"HIF2016_DIS00_CONV03_POST066"	"HIF2016_DIS00_CONV03"	"HIF2016_DIS00"	"evewisewoman"	"4"	"1403215200000"	"dpinker1"	"false"	"0"
"HIF2016_DIS00_CONV03_POST067"	"HIF2016_DIS00_CONV03"	"HIF2016_DIS00"	"dpinker1"	"0"	"1403215200000"	"evewisewoman"	"false"	"0"
"HIF2016_DIS00_CONV03_POST068"	"HIF2016_DIS00_CONV03"	"HIF2016_DIS00"	"evewisewoman"	"4"	"1403301600000"	"dpinker1"	"false"	"0"
"HIF2016_DIS00_CONV04_POST069"	"HIF2016_DIS00_CONV04"	"HIF2016_DIS00"	"PeaceMouse"	"0"	"1302904800000"	""	"true"	"13"
"HIF2016_DIS00_CONV04_POST070"	"HIF2016_DIS00_CONV04"	"HIF2016_DIS00"	"PeaceMouse"	"0"	"1303164000000"	""	"false"	"0"
"HIF2016_DIS00_CONV04_POST071"	"HIF2016_DIS00_CONV04"	"HIF2016_DIS00"	"seattlemom2plus"	"1"	"1303423200000"	""	"false"	"0"
"HIF2016_DIS00_CONV04_POST072"	"HIF2016_DIS00_CONV04"	"HIF2016_DIS00"	"ChitChatNine"	"5"	"1303423200000"	""	"false"	"0"
"HIF2016_DIS00_CONV04_POST073"	"HIF2016_DIS00_CONV04"	"HIF2016_DIS00"	"PeaceMouse"	"0"	"1303509600000"	""	"false"	"0"
"HIF2016_DIS00_CONV04_POST074"	"HIF2016_DIS00_CONV04"	"HIF2016_DIS00"	"ChitChatNine"	"5"	"1303596000000"	""	"false"	"0"
"HIF2016_DIS00_CONV04_POST075"	"HIF2016_DIS00_CONV04"	"HIF2016_DIS00"	"seattlemom2plus"	"1"	"1303682400000"	""	"false"	"0"
"HIF2016_DIS00_CONV04_POST076"	"HIF2016_DIS00_CONV04"	"HIF2016_DIS00"	"ChitChatNine"	"5"	"1303682400000"	""	"false"	"0"
"HIF2016_DIS00_CONV04_POST077"	"HIF2016_DIS00_CONV04"	"HIF2016_DIS00"	"SassyLassie"	"3"	"1303941600000"	""	"false"	"0"
"HIF2016_DIS00_CONV04_POST078"	"HIF2016_DIS00_CONV04"	"HIF2016_DIS00"	"FurballsMom"	"3"	"1304028000000"	""	"false"	"0"
"HIF2016_DIS00_CONV04_POST079"	"HIF2016_DIS00_CONV04"	"HIF2016_DIS00"	"ChitChatNine"	"5"	"1304028000000"	""	"false"	"0"
"HIF2016_DIS00_CONV04_POST080"	"HIF2016_DIS00_CONV04"	"HIF2016_DIS00"	"ChitChatNine"	"5"	"1304028000000"	""	"false"	"0"
"HIF2016_DIS00_CONV04_POST081"	"HIF2016_DIS00_CONV04"	"HIF2016_DIS00"	"FurballsMom"	"3"	"1304114400000"	""	"false"	"0"
"HIF2016_DIS00_CONV04_POST082"	"HIF2016_DIS00_CONV04"	"HIF2016_DIS00"	"TStull65"	"0"	"1357167600000"	"PeaceMouse"	"false"	"0"
"HIF2016_DIS00_CONV05_POST083"	"HIF2016_DIS00_CONV05"	"HIF2016_DIS00"	"Jayhawk29"	"0"	"1307916000000"	""	"true"	"12"
"HIF2016_DIS00_CONV05_POST084"	"HIF2016_DIS00_CONV05"	"HIF2016_DIS00"	"Ashwin Bhandari, MBBS"	"0"	"1308520800000"	"Jayhawk29"	"false"	"0"
"HIF2016_DIS00_CONV05_POST085"	"HIF2016_DIS00_CONV05"	"HIF2016_DIS00"	"Jayhawk29"	"0"	"1310335200000"	"Ashwin"	"false"	"0"
"HIF2016_DIS00_CONV05_POST086"	"HIF2016_DIS00_CONV05"	"HIF2016_DIS00"	"Paderla Anitha, DNB"	"0"	"1310421600000"	""	"false"	"0"
"HIF2016_DIS00_CONV05_POST087"	"HIF2016_DIS00_CONV05"	"HIF2016_DIS00"	"Jayhawk29"	"0"	"1310508000000"	"Paderla"	"false"	"0"
"HIF2016_DIS00_CONV05_POST088"	"HIF2016_DIS00_CONV05"	"HIF2016_DIS00"	"seattlemom2plus"	"1"	"1311804000000"	""	"false"	"0"
"HIF2016_DIS00_CONV05_POST089"	"HIF2016_DIS00_CONV05"	"HIF2016_DIS00"	"Jayhawk29"	"0"	"1314050400000"	"Seattlemom2plus"	"false"	"0"
"HIF2016_DIS00_CONV05_POST090"	"HIF2016_DIS00_CONV05"	"HIF2016_DIS00"	"ChitChatNine"	"5"	"1314136800000"	""	"false"	"0"
"HIF2016_DIS00_CONV05_POST091"	"HIF2016_DIS00_CONV05"	"HIF2016_DIS00"	"seattlemom2plus"	"1"	"1314136800000"	"Jayhawk29"	"false"	"0"
"HIF2016_DIS00_CONV05_POST092"	"HIF2016_DIS00_CONV05"	"HIF2016_DIS00"	"Jayhawk29"	"0"	"1315519200000"	""	"false"	"0"
"HIF2016_DIS00_CONV05_POST093"	"HIF2016_DIS00_CONV05"	"HIF2016_DIS00"	"seattlemom2plus"	"1"	"1315864800000"	"Jayhawk29"	"false"	"0"
"HIF2016_DIS00_CONV05_POST094"	"HIF2016_DIS00_CONV05"	"HIF2016_DIS00"	"wilsongarrett"	"0"	"1332025200000"	"ChitChatNine"	"false"	"0"
"HIF2016_DIS00_CONV05_POST095"	"HIF2016_DIS00_CONV05"	"HIF2016_DIS00"	"ChitChatNine"	"5"	"1332111600000"	""	"false"	"0"
"HIF2016_DIS00_CONV06_POST096"	"HIF2016_DIS00_CONV06"	"HIF2016_DIS00"	"seattlemom2plus"	"1"	"1303682400000"	""	"true"	"11"
"HIF2016_DIS00_CONV06_POST097"	"HIF2016_DIS00_CONV06"	"HIF2016_DIS00"	"skyi"	"0"	"1303682400000"	""	"false"	"0"
"HIF2016_DIS00_CONV06_POST098"	"HIF2016_DIS00_CONV06"	"HIF2016_DIS00"	"seattlemom2plus"	"1"	"1303768800000"	""	"false"	"0"
"HIF2016_DIS00_CONV06_POST099"	"HIF2016_DIS00_CONV06"	"HIF2016_DIS00"	"SassyLassie"	"3"	"1303941600000"	""	"false"	"0"
"HIF2016_DIS00_CONV06_POST100"	"HIF2016_DIS00_CONV06"	"HIF2016_DIS00"	"seattlemom2plus"	"1"	"1304373600000"	""	"false"	"0"
"HIF2016_DIS00_CONV06_POST101"	"HIF2016_DIS00_CONV06"	"HIF2016_DIS00"	"ChitChatNine"	"5"	"1304373600000"	""	"false"	"0"
"HIF2016_DIS00_CONV06_POST102"	"HIF2016_DIS00_CONV06"	"HIF2016_DIS00"	"seattlemom2plus"	"1"	"1304460000000"	""	"false"	"0"
"HIF2016_DIS00_CONV06_POST103"	"HIF2016_DIS00_CONV06"	"HIF2016_DIS00"	"kashwell"	"0"	"1307570400000"	""	"false"	"0"
"HIF2016_DIS00_CONV06_POST104"	"HIF2016_DIS00_CONV06"	"HIF2016_DIS00"	"seattlemom2plus"	"1"	"1307656800000"	""	"false"	"0"
"HIF2016_DIS00_CONV06_POST105"	"HIF2016_DIS00_CONV06"	"HIF2016_DIS00"	"ChitChatNine"	"5"	"1307656800000"	""	"false"	"0"
"HIF2016_DIS00_CONV06_POST106"	"HIF2016_DIS00_CONV06"	"HIF2016_DIS00"	"FurballsMom"	"3"	"1307743200000"	""	"false"	"0"
"HIF2016_DIS00_CONV06_POST107"	"HIF2016_DIS00_CONV06"	"HIF2016_DIS00"	"seattlemom2plus"	"1"	"1307916000000"	""	"false"	"0"
"HIF2016_DIS00_CONV07_POST108"	"HIF2016_DIS00_CONV07"	"HIF2016_DIS00"	"Concerned_N_TX"	"0"	"1405720800000"	""	"true"	"8"
"HIF2016_DIS00_CONV07_POST109"	"HIF2016_DIS00_CONV07"	"HIF2016_DIS00"	"evewisewoman"	"4"	"1405893600000"	""	"false"	"0"
"HIF2016_DIS00_CONV07_POST110"	"HIF2016_DIS00_CONV07"	"HIF2016_DIS00"	"Concerned_N_TX"	"0"	"1405893600000"	""	"false"	"0"
"HIF2016_DIS00_CONV07_POST111"	"HIF2016_DIS00_CONV07"	"HIF2016_DIS00"	"evewisewoman"	"4"	"1405980000000"	"Concerned_N_TX"	"false"	"0"
"HIF2016_DIS00_CONV07_POST112"	"HIF2016_DIS00_CONV07"	"HIF2016_DIS00"	"Concerned_N_TX"	"0"	"1405980000000"	""	"false"	"0"
"HIF2016_DIS00_CONV07_POST113"	"HIF2016_DIS00_CONV07"	"HIF2016_DIS00"	"evewisewoman"	"4"	"1406066400000"	"Concerned_N_TX"	"false"	"0"
"HIF2016_DIS00_CONV07_POST114"	"HIF2016_DIS00_CONV07"	"HIF2016_DIS00"	"maribanks"	"0"	"1406152800000"	""	"false"	"0"
"HIF2016_DIS00_CONV07_POST115"	"HIF2016_DIS00_CONV07"	"HIF2016_DIS00"	"Concerned_N_TX"	"0"	"1406239200000"	""	"false"	"0"
"HIF2016_DIS00_CONV07_POST116"	"HIF2016_DIS00_CONV07"	"HIF2016_DIS00"	"masterblogger"	"3"	"1449442800000"	"everyone"	"false"	"0"
"HIF2016_DIS00_CONV08_POST117"	"HIF2016_DIS00_CONV08"	"HIF2016_DIS00"	"peekawho"	"0"	"1233010800000"	""	"true"	"14"
"HIF2016_DIS00_CONV08_POST118"	"HIF2016_DIS00_CONV08"	"HIF2016_DIS00"	"ChitChatNine"	"5"	"1233010800000"	""	"false"	"0"
"HIF2016_DIS00_CONV08_POST119"	"HIF2016_DIS00_CONV08"	"HIF2016_DIS00"	"peekawho"	"0"	"1233010800000"	""	"false"	"0"
"HIF2016_DIS00_CONV08_POST120"	"HIF2016_DIS00_CONV08"	"HIF2016_DIS00"	"1nana"	"0"	"1233010800000"	""	"false"	"0"
"HIF2016_DIS00_CONV08_POST121"	"HIF2016_DIS00_CONV08"	"HIF2016_DIS00"	"ChitChatNine"	"5"	"1233010800000"	"Wannabenanna"	"false"	"0"
"HIF2016_DIS00_CONV08_POST122"	"HIF2016_DIS00_CONV08"	"HIF2016_DIS00"	"1nana"	"0"	"1233010800000"	""	"false"	"0"
"HIF2016_DIS00_CONV08_POST123"	"HIF2016_DIS00_CONV08"	"HIF2016_DIS00"	"ChitChatNine"	"5"	"1233010800000"	""	"false"	"0"
"HIF2016_DIS00_CONV08_POST124"	"HIF2016_DIS00_CONV08"	"HIF2016_DIS00"	"peekawho"	"0"	"1233010800000"	""	"false"	"0"
"HIF2016_DIS00_CONV08_POST125"	"HIF2016_DIS00_CONV08"	"HIF2016_DIS00"	"p1p"	"0"	"1233097200000"	"ChitChatNIne"	"false"	"0"
"HIF2016_DIS00_CONV08_POST126"	"HIF2016_DIS00_CONV08"	"HIF2016_DIS00"	"FurballsMom"	"3"	"1233097200000"	"ChitChatNIne"	"false"	"0"
"HIF2016_DIS00_CONV08_POST127"	"HIF2016_DIS00_CONV08"	"HIF2016_DIS00"	"FurballsMom"	"3"	"1233097200000"	"ChitChatNIne"	"false"	"0"
"HIF2016_DIS00_CONV08_POST128"	"HIF2016_DIS00_CONV08"	"HIF2016_DIS00"	"ChitChatNine"	"5"	"1233097200000"	""	"false"	"0"
"HIF2016_DIS00_CONV08_POST129"	"HIF2016_DIS00_CONV08"	"HIF2016_DIS00"	"LexiFaye"	"0"	"1233183600000"	""	"false"	"0"
"HIF2016_DIS00_CONV08_POST130"	"HIF2016_DIS00_CONV08"	"HIF2016_DIS00"	"Trialanderror"	"0"	"1234479600000"	""	"false"	"0"
"HIF2016_DIS00_CONV08_POST131"	"HIF2016_DIS00_CONV08"	"HIF2016_DIS00"	"ChitChatNine"	"5"	"1234998000000"	""	"false"	"0"
"HIF2016_DIS00_CONV09_POST132"	"HIF2016_DIS00_CONV09"	"HIF2016_DIS00"	"seattlemom2plus"	"1"	"1308607200000"	""	"true"	"14"
"HIF2016_DIS00_CONV09_POST133"	"HIF2016_DIS00_CONV09"	"HIF2016_DIS00"	"ChitChatNine"	"5"	"1308607200000"	""	"false"	"0"
"HIF2016_DIS00_CONV09_POST134"	"HIF2016_DIS00_CONV09"	"HIF2016_DIS00"	"ChitChatNine"	"5"	"1308607200000"	""	"false"	"0"
"HIF2016_DIS00_CONV09_POST135"	"HIF2016_DIS00_CONV09"	"HIF2016_DIS00"	"seattlemom2plus"	"1"	"1308607200000"	""	"false"	"0"
"HIF2016_DIS00_CONV09_POST136"	"HIF2016_DIS00_CONV09"	"HIF2016_DIS00"	"ChitChatNine"	"5"	"1308607200000"	"Seattle"	"false"	"0"
"HIF2016_DIS00_CONV09_POST137"	"HIF2016_DIS00_CONV09"	"HIF2016_DIS00"	"seattlemom2plus"	"1"	"1308693600000"	""	"false"	"0"
"HIF2016_DIS00_CONV09_POST138"	"HIF2016_DIS00_CONV09"	"HIF2016_DIS00"	"seattlemom2plus"	"1"	"1308693600000"	""	"false"	"0"
"HIF2016_DIS00_CONV09_POST139"	"HIF2016_DIS00_CONV09"	"HIF2016_DIS00"	"FurballsMom"	"3"	"1308780000000"	""	"false"	"0"
"HIF2016_DIS00_CONV09_POST140"	"HIF2016_DIS00_CONV09"	"HIF2016_DIS00"	"ChitChatNine"	"5"	"1308866400000"	""	"false"	"0"
"HIF2016_DIS00_CONV09_POST141"	"HIF2016_DIS00_CONV09"	"HIF2016_DIS00"	"seattlemom2plus"	"1"	"1309212000000"	""	"false"	"0"
"HIF2016_DIS00_CONV09_POST142"	"HIF2016_DIS00_CONV09"	"HIF2016_DIS00"	"Paderla Anitha, DNB"	"0"	"1311976800000"	""	"false"	"0"
"HIF2016_DIS00_CONV09_POST143"	"HIF2016_DIS00_CONV09"	"HIF2016_DIS00"	"seattlemom2plus"	"1"	"1312236000000"	""	"false"	"0"
"HIF2016_DIS00_CONV09_POST144"	"HIF2016_DIS00_CONV09"	"HIF2016_DIS00"	"ChitChatNine"	"5"	"1314568800000"	""	"false"	"0"
"HIF2016_DIS00_CONV09_POST145"	"HIF2016_DIS00_CONV09"	"HIF2016_DIS00"	"ChitChatNine"	"5"	"1314568800000"	""	"false"	"0"
"HIF2016_DIS00_CONV09_POST146"	"HIF2016_DIS00_CONV09"	"HIF2016_DIS00"	"seattlemom2plus"	"1"	"1314741600000"	""	"false"	"0"
